baseline_mean,mae,rmse
6.898717948717949,5.49224358974359,6.6264264339597965
