train_mae,train_rmse,test_mae,test_rmse
4.103860729065756,5.197333807341583,4.396643650087546,5.683555458415941
